userId,userName,email,password,role,designation,gender,joinDate
1,Rene Schulist,Laurence96@yahoo.com,$2b$10$uUJ1N.Gy3/zzohHD/Y84x.2nTfi8jTFAASTKXA2A/NgiVGm9Y3f0G,Employee,Dynamic Operations Technician,Male,2024-01-13
2,Ken Walsh I,Abdullah.Ledner4@hotmail.com,$2b$10$kQe2sWhzZZw.a.JYPQimd.2iIKquyikOLOQohGYDuLVn0u8fuOP3m,Employee,Chief Accountability Associate,Male,2024-09-05
3,Oliver Bogan,Koby_Erdman82@yahoo.com,$2b$10$hOejS216wNn3PZQCVKqHQeK9dPVQ3gmeZUxowcNHZlzclqszXrS1W,Employee,Dynamic Web Facilitator,Female,2024-08-23
4,Frank McClure,Miles.Zieme@yahoo.com,$2b$10$S.a12dBAZQ0KWk1iVb0w8e8PMAM85gqnaDqqsC4i1yTt3UOxYcG0K,Employee,Chief Quality Technician,Male,2023-10-13
5,Cornelius Rolfson Sr.,Madisyn_Bode80@gmail.com,$2b$10$DJaokMatMyspsw50iIhHxea3muw9NeGWrHUGQvUCKg/4am3E/KsXO,Employee,Forward Branding Consultant,Female,2024-10-07
6,Brandi Vandervort,Autumn.Koch@gmail.com,$2b$10$uROmCGri8S7UbHTBDCPCceg8y74rGzbaWLb1Xsz.ncbil7DHDd3z.,Employee,Chief Research Developer,Female,2023-10-25
7,Kelley Mueller,Clyde.Gibson2@gmail.com,$2b$10$E8u1JBn11hl1eqel4fOeHeQ8IktLbb2KK.oNzouPXw7XcnQB7e7Za,Employee,Chief Creative Analyst,Female,2024-01-08
8,Yvonne Donnelly,Aaliyah96@hotmail.com,$2b$10$a1x.XO9xcPwqj9wr8IKQt.isuVonJttHlZHrQHaavR5x6VTZJFgja,Employee,Central Configuration Coordinator,Male,2024-09-21
9,Melinda Bartoletti DDS,Wilton_Bogan32@gmail.com,$2b$10$695FZ/4UFi9Z.oqrjJ0dV.r/QhCzrXTzAcHaqWU90.fUaOfIMbzyy,Employee,Lead Branding Officer,Female,2023-10-14
10,Ivan Waelchi Jr.,Catharine.Gottlieb@yahoo.com,$2b$10$CVlMwwyUC1epmBZtoPj5Vua.dJ/6qbj5bDEgDz/0cO9QvVKyuTEJe,Employee,Senior Directives Developer,Male,2024-07-27
11,Dr. Grant Metz IV,Bethel_Gutkowski68@gmail.com,$2b$10$ghJtzGtf8UHKrmxvTQmfzOpwmd21JbDGx7B/NlbEBMuPFUIcGXeJ.,Employee,Senior Intranet Officer,Female,2024-06-15
12,Lonnie Schuppe I,Trey.Watsica@yahoo.com,$2b$10$hno/mbMUPK0raA1rnlSOtuNAGJSfdvvKB7Hy28Th4Qbtqfr87Gc6y,Employee,Internal Group Coordinator,Female,2024-02-11
13,Delia Yundt,Etha_Herman@yahoo.com,$2b$10$DzqsZA4K5LzoOoIHJDd5gu2p3g63oPujL0uaJJamsHMAwsMM834Da,Employee,Regional Web Specialist,Male,2024-04-14
14,Patricia Halvorson,Jeremie.Kirlin90@hotmail.com,$2b$10$HaXqCVPMDOCM1zZu8h0WLufH7RY1Tk/VHc5yxDD0kfFN6zKZfsOTa,Employee,International Tactics Engineer,Male,2024-07-30
15,Lawrence Johnston,Tate.Grimes88@yahoo.com,$2b$10$/of1XPb2VEksmL7gOJqQrOI/hRP8edIqbm/cJtxuie7qpIcShvS0q,Employee,Central Accounts Designer,Male,2024-01-23
16,Trevor Yundt III,Melissa_Grant@hotmail.com,$2b$10$rTxHKMrrv8n7vFqOnog3XecLtBR2A3iyN1bs/JUK.RdQ6f0DcGte6,Employee,Direct Identity Architect,Male,2023-10-25
17,Jodi Nikolaus,Norene_Douglas33@hotmail.com,$2b$10$Ulbe8SHjmCHz/nwZeTH2HuCN8QoHSrR3GU6z.fZidMcPzbKkJxVK2,Employee,Regional Response Facilitator,Female,2024-09-29
18,Tiffany Marks I,Geoffrey_Schaden10@yahoo.com,$2b$10$CWLIZ03lzx/fhm.c8mDSG.4c6TJF6teVZBP20BcQdk3IDlUwatMrK,Employee,Product Communications Liaison,Male,2024-01-03
19,Bert Flatley III,Gerson87@hotmail.com,$2b$10$bODjUpQA8hQsgyyFcIoUyuo3futWtKPkQmz50tefiDgX6CTHq6Coy,Employee,Senior Security Consultant,Male,2024-05-13
20,Dennis Lindgren,Emile_Daugherty66@yahoo.com,$2b$10$IGzFdhAlpkmF5QosPyFIH.G/smli1qMWWtf6CTpMKGDbd9WXsbfXO,Employee,Product Solutions Consultant,Female,2024-09-20
21,Sharon Huel,Magnolia.Kessler@hotmail.com,$2b$10$.bH260IxVKAaQgrlZUau8uLwg1K3I3VsCtJdWSeeFg/6X5tLmw0B6,Employee,Corporate Paradigm Assistant,Female,2023-12-25
22,Anthony Lowe,Carrie.Weimann60@yahoo.com,$2b$10$DVkZ7pJseQOAn5ilqXxq8OJkbp/O3r.r2YOIdmum9GyCnSvy8VQkW,Employee,International Configuration Designer,Female,2024-06-20
23,Lora Lebsack,Don_Green9@hotmail.com,$2b$10$bYOBfCC2w5N5y2Iy8SmTZebkMv6sf2tLEJnytfXaFPT384mODBdsi,Employee,District Response Consultant,Male,2024-08-03
24,Jason Bashirian III,Autumn_Baumbach@yahoo.com,$2b$10$jqmlH839qfr4HhgTWf0alOfON3GYQydIcY71w4kJFul16JAlcRWl2,Employee,International Factors Executive,Female,2024-05-06
25,Bertha Rosenbaum,Edwina30@yahoo.com,$2b$10$BQT/FmI2bp5NVRwrBCTjF.PTq9bR6lUXsdOXUW7Bw3kCnhL/gxmke,Employee,Direct Accounts Administrator,Female,2024-01-01
26,Spencer Mann,Lucy.Goldner@hotmail.com,$2b$10$kEQ2AQBbqbmhRydbvMc08.GBpRdZut1dYvnRhOEWh.u1M9R3iU.me,Employee,Lead Configuration Analyst,Female,2024-05-25
27,Francis Walsh,Edwin23@hotmail.com,$2b$10$wa3Y7Us3.gCw4AZwkv9eT./UgUOQrdUM7uyUwNQLM0PfwnpuNEJIy,Admin,Customer Research Facilitator,Female,2024-02-08
28,Johnnie Wilderman,Quentin_Hackett23@hotmail.com,$2b$10$fvxwJuzczIsoCVuk4oW.Sun8c9cxn6Z2NyVUhGRlhbCnQF2fCBKzm,Employee,International Usability Executive,Male,2024-01-12
29,Abraham Gorczany,Mertie92@gmail.com,$2b$10$.0WgnSIsEZaw1/UEqAXjGeVTdtb1Ca4I0T207sxphT2PG8DxWOFiW,Employee,Future Implementation Administrator,Male,2024-02-21
30,Caroline Lemke,Russel.Dickinson77@gmail.com,$2b$10$jMVeyKG787aan5T7TMrfX.Oa/vTU.hWmX.zCh3eCVPz7FKlrV9R0C,Employee,Central Factors Specialist,Male,2024-07-07
31,Inez Powlowski,Bella.Tremblay7@yahoo.com,$2b$10$ycawRew9it3JbL6KDAb1Ue7GmH4ltDwjmKMitJtPVlUXEL1eLux/6,Employee,National Program Specialist,Male,2023-10-29
32,Dr. Norma Homenick,Tyree75@gmail.com,$2b$10$RP52mWsodOgQ0zkJswlm3ODo2rAN4hXIadq6KmA8IX4L0hKKsLWnC,Employee,Product Optimization Analyst,Female,2024-03-09
33,Heidi Pollich,Friedrich97@gmail.com,$2b$10$Fz.k2HGeOm4BdhFv2lQM4OIKgzTZaLUtdUadasfRb6NSh/GNJhkkG,Employee,Principal Data Director,Male,2024-08-22
34,Vernon Schuster,Webster.Abernathy17@gmail.com,$2b$10$955nvi5Bl7N7iXrb5Pu.keFBm74iEA1cuc0OwUnZlMl6VfXA8gIOu,Employee,Central Optimization Architect,Male,2024-05-10
35,Dean McLaughlin,Elfrieda_Ledner@gmail.com,$2b$10$xNboMBIv2FQp1r0NmD6jB.kstXxnWktCEA7GRG0xJ4tCacb.ZMcaO,Employee,Central Functionality Manager,Female,2024-07-03
36,Lisa Wiegand,Hayden73@hotmail.com,$2b$10$WjLAyhnGXv58T6Xr52osVuX19QpMnIrgM4sq57FBotmlF3siWluES,Employee,Chief Factors Agent,Female,2024-04-14
37,Ralph Rutherford,Juliet.Langworth@hotmail.com,$2b$10$u5QCsP/mK0wmo8Joan0bQeku5W8dsChecRLGWXmrmElqAXkH/0NJK,Employee,Internal Directives Administrator,Male,2024-01-25
38,Ervin Kuhic,Myra2@yahoo.com,$2b$10$WoIIchx.eaRl4NopKhv9XOo0XbRxyWuInSkMnYcZLuzY9hgs0m8vK,Employee,District Optimization Supervisor,Male,2024-06-05
39,Brett Langworth,Tyler_Connelly@yahoo.com,$2b$10$4gKssaS6j4j3Nn81NJB1WeY55MP70nIt5ieuiHlMkjUQ9mWT7Zuvi,Employee,Investor Operations Specialist,Male,2023-12-06
40,Dr. Sadie Gleichner,Ursula94@yahoo.com,$2b$10$U7BkHT2ijcM1SbMmMUYPV.IyPNIHrbMmehpdZOZo8rpooD1skugUS,Employee,Direct Program Strategist,Female,2024-03-29
41,Rodolfo Sanford,Terrill.Koss33@yahoo.com,$2b$10$gsMwovQWd74u/TSxSy3dPeyQKaakGhkGJn5jjQt6NPAB1j76HbtYi,Employee,Corporate Operations Administrator,Male,2024-08-23
42,Antoinette Maggio,Trevion27@gmail.com,$2b$10$1qmlh1rvX0BGy2swrRJPQ.KQruv3h5iXiL.hT5mzZD7TnmQWHpZ8m,Employee,Product Operations Representative,Male,2024-09-27
43,Mr. Christopher Yost,Janessa_Roberts@yahoo.com,$2b$10$BKniZ5MrXBEqPhFM9aRztuebJo9RR7PdjLAJIzyrr6HVGiLMebmIy,Employee,International Operations Coordinator,Female,2023-10-25
44,Kristie Quigley,Alyson.Homenick@gmail.com,$2b$10$CfmM.ZfS4JnBRRWMre7s6ukMNrUKByG/SDTlL4fBMu.KiJCShHkBm,Employee,International Factors Consultant,Male,2024-08-16
45,Phil Bednar,Jazmyne_Bogan@gmail.com,$2b$10$dWab.h5VaFpZVZmm6BJZXey4SI1.seHeAe17ttVuiCROSD3mTCMhq,Employee,Investor Quality Consultant,Male,2024-09-18
46,Hazel Kris,Armani_Barrows-Kutch44@yahoo.com,$2b$10$QKJJda.EwRwJQvN2XAK9lOcW1rlbYXYZZCK9Ht/HB2F8eknoiP7.i,Employee,Forward Metrics Manager,Male,2024-05-01
47,Francis Bernier,Myles_Gerlach@hotmail.com,$2b$10$gZmTXE0jJ5h2SdaVVMuQZO9d/1ZgLVlNYMXndb5dDlEm/iL0O/gXq,Employee,Forward Accounts Analyst,Male,2024-06-29
48,Bessie Abbott DVM,Deondre.Schimmel56@hotmail.com,$2b$10$RiCt9VY//IVlJOR98lPqkug12lC2VZOfqBsu5BRFZCU2WosQsfYiS,Employee,Customer Interactions Strategist,Female,2024-03-16
49,Gregory McGlynn,Fannie.Farrell69@hotmail.com,$2b$10$HJW950qVjJBEQhBJaxv5C.VXGJn1us.CuLidxFn0yvdNE5qDfR17K,Employee,Legacy Mobility Liaison,Female,2024-09-01
50,Noel Bosco,Michaela.Runte98@yahoo.com,$2b$10$IYlcTpZHPO4U7KkD4Cpoi.5o6C69WEoMknBavbsr3.VmSu4tojMoC,Employee,Dynamic Optimization Supervisor,Female,2024-05-25
51,Gregg Mertz,Makayla_Farrell@yahoo.com,$2b$10$1eipgRr6se.TFGO5/KCm0u0aKT2R6Pxbtb4MkFm41eOBHktP8PxCC,Employee,Chief Creative Consultant,Female,2024-07-04
52,Angelo Von,Delfina68@yahoo.com,$2b$10$kAU5O5hDXemRAcw5MK8QZukyMR7Ah0qXykrkhONq0XqDQ/QiUWSwC,Employee,Dynamic Accountability Analyst,Male,2024-01-11
53,Jerome Hoeger,Drew27@hotmail.com,$2b$10$5GlVqu6HhHNwxCdLJc4zyO0DBLMlciKdqvA5RRSR905ePMWrVjjwG,Employee,District Group Designer,Male,2023-10-31
54,Dr. Carla Kautzer,Etha_Lubowitz88@gmail.com,$2b$10$38cPED/4qdCy0feMjpLdEOmXepu69kGEC3zCfX8ITVgV54ZC8PvF6,Employee,Direct Factors Analyst,Male,2024-05-14
55,Juana Sawayn,Rhiannon_Gusikowski73@hotmail.com,$2b$10$ZBwzFH0jtmPTCFnKjEbETeoIvEmTCGc.j55RMadn0mJq0ejo58H6K,Employee,Central Paradigm Assistant,Female,2024-03-18
56,Geraldine Kovacek,Lysanne.Parker-Mueller@gmail.com,$2b$10$GByPlH00KoomV3Q.2D75dODTCsFMMXxx11A9YCROliOHhUcxqjZla,Employee,Human Paradigm Facilitator,Male,2023-10-13
57,Ms. Sonya Goyette,Freeda7@hotmail.com,$2b$10$TNlGW6yt7sQFnkDO3qoHMelGAoRNa/hkKzsqBoj7tEHQQ4eFUDW6a,Employee,District Implementation Facilitator,Female,2024-05-12
58,Carlos Raynor,Florence.Lueilwitz@yahoo.com,$2b$10$NjHrfZdr5F33ZK26xDlHRe9Bb5ZC71cjUoYgIlrcULL7iv8bk7QD6,Employee,Human Research Facilitator,Female,2023-12-06
59,Alfred Lehner,Tyrique_Beahan@gmail.com,$2b$10$5yaazvDKRHfAMclALIwAQ.fkO2yJGzRfzMpvleGUteZQMtnweFxzy,Employee,International Optimization Coordinator,Female,2024-09-17
60,Bryan Zemlak,Nicholas.Denesik@yahoo.com,$2b$10$a2ArhmD28Uz7HyIRwBQlyO1A0dhtLmPBX69JpCJ1zfemzBxw4/R56,Admin,District Response Engineer,Male,2024-07-19
61,Stella Rohan,Corrine_Schamberger11@gmail.com,$2b$10$GviMofem9vZB5tllIHWgvOnti4Sqn94Ga2ETbK16ZvHdaaLJZcjD2,Employee,Central Response Administrator,Female,2023-11-06
62,Drew Morissette II,Reanna_Lesch29@hotmail.com,$2b$10$A4xt5RTqHjK358dFYV4epOEy.Uj59YL7oKePpfciqg41p4iayuPUC,Employee,Direct Implementation Specialist,Male,2024-02-04
63,Clarence Bins,Treva_Reichel93@hotmail.com,$2b$10$UYtUOQ7AKKChl5DJPqs2FOfkHSqSxOG7nsmz43GOYsDmaBZVBs7xa,Employee,Central Accounts Facilitator,Male,2024-08-22
64,Derek Nicolas,Yvonne.Osinski27@gmail.com,$2b$10$ESXlS1cVmQCdZZVqJDLNr.4lUERPv8qw8OZSCJAQfsAQA82d5705m,Employee,Internal Markets Specialist,Male,2023-10-31
65,Jenny O'Conner,Amie_Borer@gmail.com,$2b$10$IgqGBjNm7AhYkWFm/4U8vun7DNOtowOpYZaP3hnbh9CwwgJ2mALIq,Employee,Investor Tactics Agent,Male,2024-04-09
66,Holly Becker,Maxine.Ebert36@yahoo.com,$2b$10$zY/s.aGkok0mVIIZQAkLf.mwRifzfInITd7oMeVqJImSAmypPxbKO,Employee,District Implementation Orchestrator,Female,2024-03-13
67,Jill Schuppe,Warren_Kohler6@gmail.com,$2b$10$segnINq3y5Kt8xcKuo.3UORo.eX9GfDxoDK62pqmJR.DWNptSbdSm,Employee,Investor Program Supervisor,Male,2024-03-28
68,Mike Parisian,Kassandra_Gutkowski43@gmail.com,$2b$10$qrL3WfTlCOXsIkAbpzVtqeO1cq/JJgI.Dg.m8Zg5mEDPu2eoMpyVG,Employee,Central Interactions Analyst,Male,2024-03-09
69,Jackie Pollich IV,Lacey_Hyatt@yahoo.com,$2b$10$d9MQrVyQT7D1XX6BA9q3YOvdVyynDpPAAtDSYu3.Znbebh4RY4taK,Employee,Global Accounts Producer,Female,2024-09-13
70,Carolyn Kuhlman,Clarissa45@hotmail.com,$2b$10$2P8bxF8YYhL3mcHYg5npAuJITfLMePCwtApapOcGt2mpYAY3uTdt.,Employee,Legacy Mobility Engineer,Male,2024-07-04
71,Francisco Stokes,Vincenza23@gmail.com,$2b$10$/rsme0LhdS/DGtvOiDD6puTYBpc25qdYL6iOhuZc7oZbvAlUnVNki,Employee,Future Division Manager,Male,2024-08-29
72,Dr. Emanuel Crona PhD,Arlo_Davis53@gmail.com,$2b$10$bihu7nh5HBxmlwZp0/.u9eTpLv2QE8v5qh.yEWiLsX8yK/lMjyRDi,Employee,Product Identity Engineer,Female,2024-05-07
73,Lonnie Streich,Adelia20@gmail.com,$2b$10$OY.hTxC/cmRUGRPs9FHA4.4WnF0.YPAXjnlylwJzpcH.sXP2sZfYa,Employee,Future Infrastructure Associate,Female,2024-04-08
74,Candace Littel,Denis32@gmail.com,$2b$10$jvtb0lAMVbv0LyPjhLdB9uE.gnEj5it99RgM73DJJqdk0JvUm2VGy,Employee,Future Integration Representative,Male,2023-12-30
75,Miss Shawna Koelpin,Elfrieda_Schuster96@gmail.com,$2b$10$LxDAvO1vpdRERlrolE4IfuuMpzUBHyQIHfIY8u04AABvaEbSI61Cy,Employee,National Group Strategist,Male,2024-02-19
76,Drew Rath,Kaycee.White27@gmail.com,$2b$10$bzq.zKdERXBL133XXGfLFuqHq0YRIgSVR.EfVCgYiEw26CBcQILFO,Employee,Chief Accounts Manager,Female,2023-12-27
77,Leona Dickinson Jr.,Corene_Block47@yahoo.com,$2b$10$/UzHcAxa9.IJcMl5ahFDruU//f9QfWfSMScQu.VOnO9JFWwS2PuSu,Employee,Global Markets Engineer,Female,2023-11-11
78,Elbert Bogisich,Damon_Tremblay@hotmail.com,$2b$10$Xwt/CgJA51TCy17U.dZHNunIJFOAERFgqq3sIS1mFAdW6iSaNkeem,Employee,Forward Response Planner,Female,2023-12-03
79,Dr. Conrad Rippin,Alfonzo_Towne-Boyle67@yahoo.com,$2b$10$t5hpsrdJ7M7BFyhJRVAEfu128m.1JxMlT1tq5fySeTRAtem/lNYKW,Employee,Senior Response Specialist,Female,2024-10-01
80,Shawn Haag,Dewitt.Gutmann@yahoo.com,$2b$10$ABWF9AZ4nroGknDM7CeCK.ztZhtxP0DROVJx1Py2eMNn8gU95DVvm,Employee,Internal Research Coordinator,Female,2024-03-16
81,Conrad Heidenreich V,Mason_Rodriguez94@yahoo.com,$2b$10$0zWJuWDaXGnI8QOAnQDhcuN68mxA4hPkQI2oGBB3hGT3jxnlMeWTq,Employee,District Tactics Orchestrator,Female,2024-04-29
82,Edmond Trantow III,Dedrick.Legros@yahoo.com,$2b$10$R5WVBKlyUUxRl9SQdMmGFe73E1RJPJFwKf.prUkMch.M4kHYpBGiK,Employee,Regional Division Planner,Female,2024-06-06
83,Kurt Senger,Gloria_Rodriguez45@yahoo.com,$2b$10$Lve30QOOc9BS.J/d4MimIOsW/HeKOacVGzb1eAblb9EhxB7ec/2YG,Employee,Regional Accountability Producer,Female,2023-10-09
84,Jerry Yost DVM,Eva.Kiehn0@hotmail.com,$2b$10$8b1bqYGZ5VnI3M5lhT.YkO1mGFNThZTa5X.IdeJFR1Ee4npxP2cp2,Employee,Regional Infrastructure Manager,Male,2024-06-26
85,Mathew Fisher,Janae70@yahoo.com,$2b$10$N5yWsRFRT.jPbERq5cov8OvFo5mzWLr8zVCz7sFYG3zG6q7cziOku,Employee,Customer Marketing Consultant,Female,2024-08-17
86,Jacob O'Conner-Schuppe,Triston.Mraz@hotmail.com,$2b$10$wz9UGHHyTDB68blAxYiXgudXcsAXNKHVNQoKi9fnYzh.9BdGRHVyi,Employee,Chief Metrics Associate,Female,2024-05-21
87,Edgar Bednar,Heather.Bailey@yahoo.com,$2b$10$cf4O8ucTVinQa123l/KI0OJlbgvbnXyL6u4IrUjHvsCTCISeK2lRu,Employee,Investor Directives Coordinator,Male,2024-08-01
88,Stacy Dickinson,Sienna_Rutherford12@hotmail.com,$2b$10$Ej49y0bbPOrFBA1STEKzIu/oMbfMAQ0j.ifVGIZm.oR0WkDXtJKR.,Employee,International Paradigm Supervisor,Female,2024-02-21
89,Byron Welch,Hellen.Skiles-Prohaska@hotmail.com,$2b$10$0TlqVo0E17YIvLBkxuSm6eSc1EpDC7sqGK1kHhwci0joCJoErqtOy,Employee,Principal Functionality Designer,Female,2024-05-27
90,Noel Streich,Jayson.Rowe@hotmail.com,$2b$10$5rQueIpJBnMKfWpTJzYeTuuv427eXJPLUge8vY1M.XKacIcIeMfBC,Employee,National Tactics Engineer,Female,2023-11-16
91,Marshall Casper,Gregg_Gorczany@yahoo.com,$2b$10$/UgtnURl9g/Ysa/l4IE4JeUJ5an.eL89gu9vaK.Vxwwy0cCSFcCVi,Employee,Dynamic Accounts Analyst,Female,2024-05-12
92,Lula Champlin-Zboncak,Jade19@yahoo.com,$2b$10$CF4pPitOQzfdmiMKZjwGLugLdizqOOxLypQw09m3NPvKfgZBkt2Fe,Employee,Global Program Analyst,Male,2024-01-22
93,Miss Wilma Graham,Alexys25@gmail.com,$2b$10$A03IawFw4gfxvZ8O8Cg5Vun0BquFOnVpswq48fMLDftp1oVY6xCbe,Employee,Forward Creative Associate,Female,2024-08-25
94,Lewis Johnson-Hauck,Kaley.Kemmer@hotmail.com,$2b$10$GNXH5Dh/K8bfgMnb7SBQrugeKWM1Z5Na2sJbRrFW.lRg06J6Ydz36,Employee,Product Infrastructure Developer,Male,2024-05-29
95,Lorene Hills,Hanna.Veum33@hotmail.com,$2b$10$hZbbazco8a0dhgr9WqhCqO9aQSO0FyS4mYuZ6HCYyioBKTpZvEFLa,Employee,Investor Brand Director,Male,2024-05-02
96,Trevor Kessler,Modesto_Schiller@hotmail.com,$2b$10$0CCemTioGqeucOPXVZgzDu4dPMQo.RXZxNM06kK37q7H55ZiDD3IO,Employee,Chief Applications Designer,Male,2024-05-21
97,Stacey Kris II,Donny.Goldner@yahoo.com,$2b$10$Wf.3Y7dyq.RDRJ6Uaeg0neZJyzuAid9D7BfZU35ViQKZ8ZdjQp2o2,Employee,Dynamic Communications Architect,Male,2023-10-27
98,Marcia Emmerich,Elta.Funk@hotmail.com,$2b$10$Crsaq8NQ61n/wx/0O3ePp.bNbmwrMS/Kfh1jKDE2qWOgvx66x6ySC,Employee,Lead Markets Producer,Female,2024-01-11
99,Dr. Pamela Harris,Ahmed.Sanford@hotmail.com,$2b$10$cnd.V/ifs6lH5QcJQeNYreKwrVciwpCjEDDlGOKE8icfAVbX80CTW,Employee,Global Group Architect,Male,2023-10-11
100,Mr. Lloyd Lemke,Noah_Littel@gmail.com,$2b$10$oXu7Y6OoYLieQPbbwoJLIeP4gwUDdlp7OsQ3pvLlDuvaX4SyDKsDq,Employee,Investor Quality Facilitator,Female,2024-09-12
101,Donna Crooks,Lora44@yahoo.com,$2b$10$ceDBVf8z9WCcGMII1RfvHu79yxQHQ9H9y3Wt/mhGc.IH6OrYcARwS,Employee,Product Functionality Assistant,Female,2023-10-11
102,Nick Volkman,Chris.Ledner96@yahoo.com,$2b$10$BHEFE0.OfzzzaMD7YjqzCOBrA28y/FVVJtDk9pw/IVclPlYk5rsgK,Employee,Central Accounts Agent,Male,2024-01-24
103,Maryann Waelchi,Amos17@gmail.com,$2b$10$Swev5/MRZA7XTOc3Sao90.tTJyaOkldiQgZFyxfsL68RXr3HwTs02,Employee,Product Response Assistant,Female,2023-10-08
104,Eugene Collins,Gardner87@hotmail.com,$2b$10$9WmHdZk/X/5i5JWCTKLzsuHP4azOWBfRuDUDzXXMjsTb5OzfdJXRK,Employee,Internal Operations Analyst,Male,2024-02-12
105,Dr. Miranda McLaughlin,Emil.Weber80@gmail.com,$2b$10$gLPeqBuaZisEiEjaViwpruEY5bITlLpSwkFEtXhOJ.TnNXBWrHINy,Employee,Chief Division Facilitator,Male,2023-10-11
106,Mrs. Shirley Berge MD,Reina_Dare56@hotmail.com,$2b$10$8EhwzqjFl0dTt/zgML1bCeSAqOEWUxxSEPRHK7hJeWJhvXBf5Db6S,Employee,Principal Creative Producer,Female,2024-06-14
107,Brandi Erdman,Sally93@hotmail.com,$2b$10$gmx.oAriNZZazk7BinZViuDm4DVkk4dzkW1U2cIGzhPcR/5CCD2Cm,Employee,Forward Paradigm Analyst,Male,2024-04-01
108,Lori Koch,Maribel_Okuneva@hotmail.com,$2b$10$mtzv4zr.dLlLXCvo6gjLMOhiqD2M19v2jBl0Ul4PL5zWaG2/52wGG,Employee,Forward Web Strategist,Female,2024-09-05
109,Gerald Monahan,Rupert_Little41@yahoo.com,$2b$10$sRbFQgHmgaxReYl6MX/V/u7J.ejYKZU/AjX5fBvoz7njuqsjUN56G,Employee,Global Implementation Technician,Male,2024-01-22
110,Wendell Murazik Jr.,Ora_Cassin61@hotmail.com,$2b$10$1HjC8eNBDHS4GD/RvLGo4exLWC1ouOl5v2b33QYBz1kS0aTP8sgOO,Employee,Product Creative Specialist,Female,2024-09-28
111,Kevin Berge,Madisyn3@yahoo.com,$2b$10$gODNKvh.4tJIR7UXwtTUW.1q0gOp//0X4DO8HJpPvUO83rzaPSH9C,Employee,Corporate Implementation Officer,Female,2023-11-25
112,Norma Heathcote,Jonas43@yahoo.com,$2b$10$Q.r27.jtgFYwMycDLGAem.y0JwhS/sOs1W18GvskHbHOuSO5Qp.y2,Employee,International Solutions Facilitator,Female,2024-03-24
113,Drew Fahey,Marielle.Haag62@yahoo.com,$2b$10$ZnT4Rw3a1r5YBrmoL0lDo.dK/l9TRzq1IC7rhQR0MHRVp9Tk3EyRm,Employee,International Mobility Facilitator,Male,2024-03-18
114,Warren Lebsack,Jayson8@gmail.com,$2b$10$qkhkM9kAg6yPX0zOY9LuvOWlU2PhT99J/XCHlOJcra2C/wQf6L7xm,Employee,International Optimization Engineer,Female,2024-06-18
115,Mrs. Tabitha Davis,Fred.Larkin@yahoo.com,$2b$10$eBtSKMMhqw3z9uxhBjOmc.xcp4Zz8yX/2JfLph.fUqWoDO2JFEleq,Employee,Human Division Supervisor,Male,2024-06-16
116,Lloyd Halvorson,Sylvester_Luettgen@gmail.com,$2b$10$bCfZ6owrcu/xpoJjsqcNAOWSog6BcQJo5SC4pfhnJ.oU6muPOCvSS,Employee,Product Response Architect,Male,2024-06-29
117,Lynda Grimes I,Tad_Crooks@gmail.com,$2b$10$.1bD94hlCDXLxMYWz4JtzOg.f/Rh1nZD/RO1LKph9.pS6oxs2rij6,Employee,Chief Division Associate,Female,2023-11-18
118,Dustin Leffler,Newton_Marks82@yahoo.com,$2b$10$qWRJq5suhXcwI8KVWPAZQOBOoEErHj4.VJ2HuXR6AQIsvO8dzl42a,Employee,Investor Research Manager,Male,2024-09-01
119,Mrs. Marcia Mante,Barbara14@gmail.com,$2b$10$uK24j5Ao/jdJlg3pp8dkueBb5QQ1FCV7RWI1BEYtwY1oU2v.Lpy2C,Employee,Central Paradigm Agent,Female,2023-10-10
120,Lowell Bahringer,Heber.Watsica74@yahoo.com,$2b$10$76LNbfsjyG.clftQWMvkYuTmAjKbv.Ru5wj3CyUPkhmRA6x1WyPa.,Employee,Senior Mobility Engineer,Female,2023-12-18
121,Nora Bayer-Kozey,Jerod.Gulgowski60@gmail.com,$2b$10$At/nMJ/DuJU29tzaKlIZdeYKkD/WlRPluR9gVEKit926yL3rWFx6G,Employee,Lead Identity Coordinator,Male,2023-10-19
122,Candace Conroy,Ned_Dietrich@gmail.com,$2b$10$vFhRmCaMRpUZ2VvEPLuRfOcaUVhIxf5cGwztV60d/uIhAT22lguGq,Employee,Internal Solutions Officer,Male,2024-03-03
123,Clayton Rutherford,Zack48@gmail.com,$2b$10$5bSxtwAgYgZ6SQ1w7V7f9u4hIjiN61Y0txPokC69B4Fbsw658xzJi,Employee,Global Accountability Coordinator,Female,2024-01-28
124,Rogelio Bashirian,Estell_Gibson80@hotmail.com,$2b$10$tcftP92jZuK4HQvHpVOsJO5nIZ8J//zHdgpQ0fg2J/rGxS2.LRT.C,Employee,Internal Brand Manager,Male,2024-09-01
125,Phillip Crist DVM,Gustave_Wilkinson7@yahoo.com,$2b$10$dfeyzNNusR9VccMGrJrMcewVr1WE771pylLFFGqgDTQeOWp1dhWn.,Employee,Investor Division Supervisor,Female,2024-06-17
126,Elijah Dare,Letha_Mills@hotmail.com,$2b$10$3ds81LcGuiddIXlv0pLsI.5uyd0QEXIBTvGspkVJa6/NdnD7A6f6C,Employee,Regional Branding Representative,Male,2023-11-11
127,Toni Bosco,Weldon8@hotmail.com,$2b$10$suhciAMhClCa9XBRJhSDD.MlRaE3VaJ08a/9dcdDsfwCYDvPpveSa,Employee,Forward Research Planner,Female,2024-09-16
128,Kristina Larson-Runolfsdottir,Jacynthe_Runte52@gmail.com,$2b$10$MRBwEspHXM6tnFtEHtizC.YaiTHyWacneZ6MTRqKjgJKBDfyKTfSm,Employee,Principal Interactions Technician,Male,2024-10-02
129,Ella Von,Johnpaul90@hotmail.com,$2b$10$RoRAW63TRC0XiG0GktsQYuXXadc/UOgbDv7PhudONMK7QZy9Mksfu,Employee,Internal Identity Coordinator,Female,2024-05-11
130,Vanessa Buckridge,Maria.Wuckert29@gmail.com,$2b$10$a/Jo6G4XUhGcLkBnbcHVdepDIKCnm1YHz9FvNn5hF/gtJtzD3ZKDu,Employee,Central Paradigm Liaison,Male,2024-05-28
131,Ivan Rau,Kadin.Kovacek38@gmail.com,$2b$10$OriLfEJHqNueWI9z/RscLOKgZd3h5lwl7nM6407CglP.YRyzruNWy,Employee,International Communications Officer,Female,2024-04-30
132,Wesley Okuneva,Hiram43@gmail.com,$2b$10$c5nWSImoXZv8Xn9IyMnsWOfmtTwX7ZvYNmy93InAKNzGC7lSP9k4q,Employee,International Applications Technician,Male,2024-01-30
133,Rene Dicki,Arvel1@yahoo.com,$2b$10$ZTu.8FRmnG36blGdkB9xCek4p2Vf2xghMpUS2IOrfJ1BX3AuElvue,Employee,Forward Creative Administrator,Male,2024-04-16
134,Owen McGlynn V,Herminia74@yahoo.com,$2b$10$m7cFVvietISkfcRwT6cdrONKncvDrgxrCYgOUJ9KkvIo7v5X5QueO,Employee,Customer Accountability Associate,Female,2024-07-16
135,Santos Ward,Elise_Gislason38@yahoo.com,$2b$10$UI2A829VQYkvsW4yRRfwSeHW2ItUkuc81Z80q7e7MgTQUDihWf4O6,Employee,Customer Paradigm Director,Male,2024-07-07
136,Mr. Owen Gulgowski-Sipes,Hosea76@hotmail.com,$2b$10$xdNDheRSRVNLOP8LGf7Tculu/fB4VrY0UB5PccXTzL2g7DDdHftW2,Employee,Investor Assurance Facilitator,Female,2024-09-10
137,Mr. Johnathan Macejkovic,Jovan_Rau@hotmail.com,$2b$10$HV7Iu4uJ5pG446BGr.DVmep9ymZKlapkkQszztLw5iiyPPtqxJ7.G,Employee,Product Accountability Orchestrator,Female,2024-01-19
138,Carol Abshire,Alexie_Kuhn26@hotmail.com,$2b$10$3Qwssjkc4hDtg25zCK6E/u39nEIijw6Fpe4iAPyo4dnaWAxC1y4fK,Employee,Lead Research Officer,Female,2023-12-11
139,Devin Bins,Cayla_Hermiston43@hotmail.com,$2b$10$eD0g16ryn8JkxcCQPiHjYu095v7fNT8OZQ58IPBZ2cgIj4Ag4NPtq,Employee,Senior Communications Facilitator,Female,2024-01-19
140,Clinton Gleason,Maxime_Senger8@hotmail.com,$2b$10$qgVxv5jJ16CWiCrNmCBg7e/yrBbEVZs8WdT/pOPh1XmNQryiaMMBe,Employee,Investor Brand Officer,Female,2024-02-18
141,Samuel Blick,Antonietta.Kris0@gmail.com,$2b$10$wv08K/Y41O3CTJjndLxf1epZd2mMMcxEBTaG5JI.IOw0vWX09Rf5G,Employee,National Identity Agent,Female,2023-11-14
142,Anita Jakubowski,Ramona_Leannon93@hotmail.com,$2b$10$cXlEaQw2vjHqD5hXxnrcUuq0MLq2lwyHmhlZP6UjaNfIRxx6cJ6cu,Admin,Investor Markets Architect,Male,2024-06-09
143,Claudia Conroy,Abby31@yahoo.com,$2b$10$hxTy9L3j/RYrdzaypI4vj.eaUBHXKpmR7BB5tTKYhwRI/pTVcKhBu,Employee,Product Markets Liaison,Female,2024-04-14
144,Ellis Marquardt Jr.,Clarabelle.Predovic@gmail.com,$2b$10$poOIm5LlqMGMvBGk9NbvIeJu45.0qkm7BT24evxxMif2k.NG7ntRG,Employee,National Identity Coordinator,Female,2023-12-12
145,Pat Mertz,Thelma_OConnell72@yahoo.com,$2b$10$C5EGtwEbz5vA73Cu8cuISOpVmXN5v/G2aRKKAO5YzRioDy2kSDhXa,Employee,Central Integration Assistant,Male,2024-04-09
146,Dr. Shane Wunsch-Brown I,Lenna.Tromp13@gmail.com,$2b$10$y6u2w5K.qcC1Gg37Oh3pM.ox.bUDod4FmM.kyFlbfy52WAeSVtNDG,Employee,International Optimization Agent,Male,2024-06-03
147,Robin Little,Bettie.Gislason@hotmail.com,$2b$10$dnChUnyIg.CFs0LzSpdmXOBIufSuDy7Spm44SByKEmtXLBRBLksWu,Employee,Global Markets Consultant,Female,2024-04-20
148,Gabriel Robel,Chaim_Witting-Wilkinson@gmail.com,$2b$10$CtnWE8S5BPEgU8f.GD5skeXJ0sPBc5OpuR1lkp4kKdgD/08lTEmAq,Employee,Chief Optimization Orchestrator,Male,2024-09-28
149,Mr. Joel Wuckert,Maurice_Oberbrunner@hotmail.com,$2b$10$sel1IsMvUHuFuc74qepXT.9ulV8h2/g/aza/llohOsr6A/xBW4Dg.,Employee,Legacy Factors Engineer,Male,2024-09-14
150,Neal Kuhlman,Michale3@gmail.com,$2b$10$DKQbx127EcsD4EMErjYOTuYUmtM5Sfa6A14SDh7CWRGjMutFvEAFW,Employee,Central Research Developer,Male,2023-11-07
151,Constance Johnson,Lela_Monahan@yahoo.com,$2b$10$YcxpU6UlF6nxutwsQNNcSOgJLHlaqYrEN0TY1BC88MfkJ31PVF.XK,Employee,Customer Infrastructure Manager,Female,2024-03-10
152,Mr. Stephen Lindgren,Vernon61@yahoo.com,$2b$10$DvE6OYUVb/in6qdjGBrR/OIrSw0ClGobt4Ca4TC/0ZFsZ62fgtOiC,Employee,Human Branding Consultant,Female,2023-10-13
153,Jo Schamberger,Santiago_Schimmel54@gmail.com,$2b$10$R9rlTrhVNgpqmOK5H4RyYOS1zeV9XG6V7inG712KsDhR.CBYSOfoG,Employee,Human Configuration Director,Female,2024-08-20
154,Sylvia Glover,Retha55@yahoo.com,$2b$10$LNNpm.JFzcLRFGh1qh5wwu/zGx6he0UvynUwTvyEjnCBEhcIRXB9G,Employee,Direct Implementation Supervisor,Male,2024-07-12
155,Franklin Auer,Amelia41@gmail.com,$2b$10$d4Y37Kgowu5KUIUMdnXx8.ul9wC5v8GsQ93xQnaL3CVFzPPnwkNki,Employee,Legacy Mobility Supervisor,Male,2024-09-28
156,Jan Flatley,Beth77@gmail.com,$2b$10$pxsJ/SV1gmaG70XdCWGMaehOGQTfWFCEkNwyfqbY23bUtCCGidHX6,Employee,Internal Tactics Consultant,Female,2024-03-28
157,Alicia Osinski,Bud_Aufderhar-Howe@hotmail.com,$2b$10$mwJVmRwE..y8EVvRwJewTOxs15BG0//a16Vl3JglDel9TPtcu18/2,Employee,Principal Marketing Analyst,Female,2024-09-15
158,Yvette Gibson,Ida.Rowe6@gmail.com,$2b$10$nB2fxXQMtPB5Dm7L9Ce4uu5GbbMXH7uxtQvHugHHaOs3XF7Yl4JN.,Employee,Lead Accountability Architect,Female,2024-01-03
159,Rebecca Mertz,Carleton_Lesch78@gmail.com,$2b$10$xIuy8HDYDXH1Oy0PLB7kDeV3gF9s1dDl5MtLAloW6c7/XOtjSYSkS,Employee,Human Operations Associate,Male,2024-05-17
160,Chelsea Zboncak,Vena.Collins3@yahoo.com,$2b$10$T2l.Uc5ZLZiFiwFXSBht9.38O5qMey76bcT1fI5vd.VCIYNOor8ii,Employee,Forward Identity Assistant,Male,2024-08-22
161,Wm Fay,Luther64@hotmail.com,$2b$10$yJftyol6IrCFWEHXHunehOUEi0HMj.DZHD9hrAV6ttiNSHJh6vaRa,Employee,District Directives Manager,Male,2023-11-23
162,Steven Kunde,Royal18@gmail.com,$2b$10$/Oy/Np6yo.E42HL.6pD3xu0V4cqAwvU4zS2353M22MsFoY8CDiIgq,Employee,International Security Architect,Female,2024-06-02
163,Frankie Berge,Randall.Goyette-Rosenbaum@gmail.com,$2b$10$NuSQoKEDeWyQG3qL385es.RgzsMgf/vnj5cM35olkYx5p5Jp1slhu,Employee,Customer Metrics Engineer,Male,2024-07-24
164,Darrell Olson MD,Otis_Mueller@hotmail.com,$2b$10$sXstwQgvRNwroAPZnFwRPuMz3t71KDuR6d4QlWYjSJ0YRD1OCGtdO,Employee,Forward Metrics Planner,Female,2023-12-08
165,Mr. Mitchell Brown,Devante_Kessler18@gmail.com,$2b$10$Lq5h8GCxwA2WxQzwYgzvDewdHAdl3VwOQVsHgjagq9WimRdV11W8W,Employee,Investor Web Representative,Female,2024-05-01
166,Dr. Doug Shanahan II,Leo99@gmail.com,$2b$10$uco4L8Y0KFqUk.1JTMIxbOPJJY4hw9HDIdSoHtpJClSCTqzlXWha6,Employee,Human Interactions Liaison,Female,2024-01-27
167,Mr. Dan Murray,Ophelia56@yahoo.com,$2b$10$6zTv3bMAR/HiYEWewVDBPeAyBqCcPMSCS6PV.cKZrGfTPpOthWAjy,Employee,International Infrastructure Administrator,Male,2024-05-11
168,Timothy Witting IV,Franz.Bechtelar35@yahoo.com,$2b$10$eE.oOaQU9ZGRnBOZOlZEL.baZi6cZyxrEND5ftePF8u3wdGXvnbzK,Employee,Senior Creative Officer,Female,2024-03-17
169,Judith Schumm,Claire.McClure@yahoo.com,$2b$10$fscfyVj/OAyq0lhayJ..ReXtLkMkBJ8t4GSgVUs0BKhqgfHM81LNe,Employee,Corporate Group Assistant,Male,2023-10-08
170,Mrs. Geraldine Kuhlman DVM,Michel_Wiegand@hotmail.com,$2b$10$qIy35ZLzd5.JYNqGkCNskusjqz9idqV4eG8GMo/L6IaQ/wmytnjxW,Employee,Future Optimization Consultant,Female,2023-12-05
171,Cory Bode,Drake_Spinka@yahoo.com,$2b$10$lHxZFSuuGErctDitTX8FIea4TjRXBfTZ17k3JN3ra6KtF.qifM.RC,Employee,Lead Security Associate,Female,2024-09-23
172,Evelyn Tillman,Paul.Collins52@yahoo.com,$2b$10$M1eSyEv9eLs/AaRjUjUtBeqpaF7WyxchzdlbUSzpTvdQiHIamOdkS,Employee,Chief Research Consultant,Female,2024-09-08
173,Lela Adams,Olen_Ernser@gmail.com,$2b$10$UOdAGo3a8SVEmpBfwiSvHeoHcVDuUetLSPkSEyXzGjVBn8lDF1D06,Employee,Global Intranet Architect,Female,2024-08-14
174,Eleanor Kihn,Janie_Schaefer17@yahoo.com,$2b$10$E79PtFX582t3sskS6KblTuaGvGBPxMA1HlliLq95HO2BI9nuCmhta,Employee,Future Applications Representative,Female,2024-07-10
175,Neal Grant,Brendan21@yahoo.com,$2b$10$MrXPvlFkgStELW2BC.eZrOH8tjhzJAbI0ntmyEkC5wxQ1yEYcoinS,Employee,Forward Marketing Manager,Male,2024-03-15
176,Wm Weissnat,Brady73@yahoo.com,$2b$10$PSpkdUw5naSOrZ/rBqJ34e3YpLyxR/5Nr9yNVeQ6hEPYBm3hYHqmy,Employee,Customer Group Officer,Male,2024-09-11
177,Jane Dooley,Jettie.Beer@gmail.com,$2b$10$X9mYIdmLjLuq9L9M3MBrwezyjAX1Z8LWF.kp.RDfyBVV6uQ35YrDy,Employee,Future Accountability Engineer,Male,2023-12-16
178,Marie Larkin,Fae_Hane80@yahoo.com,$2b$10$WNinSLaC62yUAL6Cr7BF0eyD1annu3ibzgeHsZObyL8mn7wXq1RZC,Employee,District Response Architect,Female,2024-03-01
179,Lorenzo Schiller,Kaley53@yahoo.com,$2b$10$1.nDmmbUzkpm2cCofd6uZeVUo/RYKGl1XF3E6hM8zztAxNreidhT6,Employee,Forward Security Specialist,Male,2024-06-23
180,Shirley Gottlieb,Ali35@hotmail.com,$2b$10$Y3ZQ2nhuW4RK4qBFdJ4XZeRjR2AuI.VCs8VK4FmQNo2J2C.SDT/xS,Employee,Product Assurance Representative,Male,2024-09-07
181,Josefina Haley,Margaretta39@yahoo.com,$2b$10$iTWpE8mOCPDIuK8pSq0qRezcS4ImMutB9clIvPmI9RlyK6kVzPu5O,Employee,Principal Paradigm Supervisor,Male,2024-03-21
182,Domingo Rosenbaum,Abbey.OKon@gmail.com,$2b$10$BmdD0vmY6hWQXZyCMHwMr.bV1AOaFi1t9xYTyGA9KdzjLvOd9HMpi,Employee,Human Web Representative,Female,2024-05-13
183,Mario Grimes,Raleigh_Cruickshank@hotmail.com,$2b$10$k8eVqodPm6kk81OBjEkx2OzFA5o0BXVYKABWFmxwaYlhPa1eqKWGK,Employee,Legacy Optimization Administrator,Female,2024-06-14
184,Deanna Considine,Hal1@hotmail.com,$2b$10$AL/TjOkGIKbh5WkJXeo8j.ss50Vgy7K3wSqq0kw8grZ.g5dPkElOC,Employee,Legacy Metrics Orchestrator,Female,2024-04-23
185,Damon Hackett,Magdalen85@yahoo.com,$2b$10$cWB.wtf5LEO081ZTd2vcQ./DBRbDcMA46/nwhkC3hP4fZJxeTwrpq,Employee,Product Metrics Architect,Female,2024-09-04
186,Nicholas Armstrong,Terry43@hotmail.com,$2b$10$TRepbju7zxXc58UkZJE02eIKdt8DKpD9dZnWoT0by/v6R4J1g25A2,Employee,Lead Mobility Facilitator,Female,2024-02-07
187,Nelson Daniel,Buddy94@yahoo.com,$2b$10$OETSI8jsAdDDxls2ihHw2eeSBCJyQWLJk3WntJz6T3Oubrcb/87O.,Employee,Central Security Executive,Female,2024-04-24
188,Dr. Noel Sipes,Stan16@gmail.com,$2b$10$ikM33gt/zv7Kfb1UJM92xOtVs/BTeXGOnHc1ooFcOsofQoR37S3Hq,Employee,Legacy Research Designer,Female,2023-10-11
189,Nora Windler,Silas_Kemmer@gmail.com,$2b$10$WcSbgucnCs50uiLIfXih5OmzHPydc/fmZcSBX7V.CfW3NmMX4qW2K,Employee,Direct Division Coordinator,Male,2024-02-13
190,Elmer Metz,Elsa_Bashirian88@hotmail.com,$2b$10$0T.SYeJUk/LvzBJ56tXEt.j3y8dmjxWJawyCS.hAhvt11YIpvoFpe,Employee,Corporate Optimization Specialist,Female,2024-02-25
191,Miss Shannon Konopelski,Tomasa50@yahoo.com,$2b$10$1GDibAJk5nZ1Px0CKXvfSuBnyUi4CGZDcxXIz427FiFHxRffvUbAW,Employee,Chief Web Specialist,Male,2024-05-05
192,Santiago Rippin,Tyshawn.Hoppe@yahoo.com,$2b$10$yBzDtpIEgESiyZQufEDcfO4Q7ubJ.jOMjYZu6B3637VpROk0u.gKa,Employee,Lead Functionality Liaison,Female,2024-02-11
193,Tami Waelchi,Sarina80@hotmail.com,$2b$10$6h0Qs5OBpAb0gPDF66cEA.u8jXxLA./Ez.88MjBVxBtUiCuafDaA.,Admin,Principal Quality Director,Male,2024-05-03
194,Kevin Nienow,Jordy90@gmail.com,$2b$10$.ntrTRxnDvscOsLctSSL0eXD1gq5ME0L.JngcCCWa4IwgJ37jxQL2,Employee,Senior Division Designer,Male,2024-03-29
195,Matthew Willms,Edgar73@hotmail.com,$2b$10$rX5Tkv534Ce.ZQhuLradse152AD/mzdx0ko9vabjGN6.w.yDLWZki,Employee,Investor Response Supervisor,Female,2023-12-19
196,Noel Johnston,Sandy_Stokes97@gmail.com,$2b$10$ZVjCDGYVPsH9cmxjgmtmHu0EI3dORL8sbQX2eQ9fdyHS1LaSJTeU2,Employee,Product Marketing Developer,Male,2024-07-21
197,Wendell Lynch,Lelah.Kilback1@hotmail.com,$2b$10$eA3/WE69dc2QAeHhVEDNlew4a6/UBIfoH/Zljh.9u82azKYBCwyjC,Employee,Regional Research Architect,Male,2024-03-12
198,Felicia Hermiston,Danny71@gmail.com,$2b$10$AS5mlm20kZOFWf69T.OvkeYbObFTx7Pits1430A4HOHAqTjXIWN6e,Employee,Chief Implementation Executive,Female,2023-10-29
199,Jessica Crooks,Jayson.Schmitt@hotmail.com,$2b$10$ypf1J8F7eAA6FFLloxxLxOgrfUBd5g7h8Z3BXSQHI6EjRm4xAToLu,Employee,Investor Mobility Architect,Male,2024-10-03
200,Cory Fisher,Myah17@yahoo.com,$2b$10$bulVqpNYUncQvlC3by92iOc6n/VnhuMIlbK5fcNDUG/vBNC7.bnZ.,Employee,Human Branding Designer,Male,2024-06-18
201,Jessica Gerlach,Jena.Stehr75@yahoo.com,$2b$10$NkZUltsuEYuZxlNAF9TcsOUhq0N98oGdBlSliVLl1ORhgETtBwQty,Employee,Future Data Agent,Female,2024-08-27
202,Gustavo Schulist,Trent.Balistreri@hotmail.com,$2b$10$.pf0vL5HVGUPoATXGtzKiuigwLaWBe0qIfyxrstd2It3cQkh6XEZ.,Employee,Future Factors Executive,Male,2024-01-23
203,Derrick Baumbach,Pierre_Langosh25@yahoo.com,$2b$10$gqQUhT2JmwxJv.IZiz7lxOgC2Lw2qnB1uBXDl.z4A.ErZP03Y1zna,Employee,Senior Brand Coordinator,Female,2024-01-17
204,Dean King,Marlon.Halvorson8@gmail.com,$2b$10$2sejZdA3mf/Zdbf3CIlXrem4K1/vQwIdqIJVVj2D2XkMJXpJxXMOu,Employee,International Branding Liaison,Male,2023-12-08
205,Ralph Bartell DDS,Malachi.Russel@yahoo.com,$2b$10$bQeMr.0fNYl3y6xMqAs0D.RgmuEnGj5Q5qMfC8qp.2t3pMXrZ3lse,Employee,National Tactics Executive,Male,2024-04-04
206,Matt Strosin,Herminio_Zemlak49@gmail.com,$2b$10$78nBroiPmvqiBp0R79APn.O/k3cR/9Ax4duS8fBrrQIP1LovMleF2,Employee,Global Security Engineer,Female,2024-01-23
207,Cedric Kshlerin,Janick.Olson@hotmail.com,$2b$10$QrWjWohShvdXEhvVUf784uO8rZnZmZaSfB1qB33RJz4cz3gOgPx7.,Employee,District Data Representative,Male,2024-03-23
208,Sheryl Doyle,Alanis.Kilback-Hoeger81@yahoo.com,$2b$10$YDQKoj7P6RvQGmuohF9BTOdUGWg8g4.NAsVGlu.i8kfWeQ4xR6tZ.,Employee,Principal Division Producer,Male,2024-07-21
209,Ben Goodwin,Earnestine_OReilly@yahoo.com,$2b$10$NyDC/fClWbldZNPxb6tcAOoLe7glmezGNx6GaquRgaQ4EeLzb98Ea,Employee,Forward Security Architect,Female,2024-09-19
210,Drew Cruickshank,Joel.Brakus@gmail.com,$2b$10$yIyfpQhZycOMvQq3QMOdu.nPorxk1VLTSdRMNH3eL5/mDKNbEB1eq,Employee,Central Marketing Officer,Female,2023-12-10
211,Valerie Barton,Alexys.OKon58@gmail.com,$2b$10$ecmfECzQHqsmNz1phnJEgeOz8LmcRMqN9.IlBoJcohSqriN5UkRwW,Employee,Investor Directives Architect,Male,2023-11-20
212,Crystal Heathcote III,Alfonzo19@gmail.com,$2b$10$Li90XZN3CLbKqYA0BCYvRerEnDS4bVqB6.zr9HEXyTqz8Q97jV8nC,Employee,Chief Assurance Representative,Male,2024-08-27
213,Eleanor Grimes,Madyson.Kshlerin60@yahoo.com,$2b$10$NpbSHJxSK0Jb/aeGCxKJY.d0IEbMMIGiCb4hvw6ECibS/OCpt1qZS,Employee,Forward Functionality Specialist,Female,2024-08-19
214,Bethany Tillman,Chadrick69@hotmail.com,$2b$10$GL6znA/VGw.eeYxBcMJR4ezGzIrOA0ZhA5P03ZjaxOek9vAGjUVpC,Employee,Human Accountability Facilitator,Female,2024-07-31
215,Erick MacGyver,Abdullah2@hotmail.com,$2b$10$YvOyauTDBLL8aZVJNEZwquEmJHv/0tlBsBFd3oBTaNEcR5A/zl8..,Employee,Legacy Directives Director,Male,2024-07-28
216,Kellie Leuschke MD,Concepcion.Baumbach@gmail.com,$2b$10$hQVoalnq/JSiRoopuQzSCeiIAD9ytJon8ltEfIF9RTxCKwJ5LSkEW,Employee,Customer Paradigm Director,Male,2024-07-22
217,Pat Jaskolski,Matt92@hotmail.com,$2b$10$/40DW3uicmM3SP7.Pboh7eL.HSL2HseLOm/IP0cY40mdISgACciLy,Employee,International Quality Orchestrator,Male,2024-04-15
218,Virgil Schroeder,Clarabelle45@gmail.com,$2b$10$U2W4y60wJcnePFbxFuHGhuR/LAM3lEjRmC293qm6LZ9LFllCtHfIO,Employee,Legacy Optimization Architect,Female,2024-10-07
219,Johnnie Heller III,Felicity_Gottlieb38@gmail.com,$2b$10$uHR06DFW5spSoRV90rnFh.Gv785cOZ7wvPC3W42Q0tkzsv84zijvS,Employee,International Tactics Specialist,Female,2024-02-01
220,Annette Nitzsche,Evelyn41@gmail.com,$2b$10$y9I0dKl4oJnGXwKJbuPcIOswn1wS8/tmzVLgzWsfcezayG8f5SJm.,Employee,Principal Assurance Technician,Female,2023-10-31
221,Rhonda Durgan,Tre76@yahoo.com,$2b$10$IKkH3khB6wU/lXwf92cbVehNSJYgbcGXlTCZIrw3CyjVpaq9fF22K,Employee,District Interactions Designer,Female,2024-07-18
222,Olive Roberts,Freddie_Pollich4@gmail.com,$2b$10$qFmXKwCDBIHg14YtotuhQ.IkHLe/xPyPfuUKSVQm00BSBcufHdBWW,Employee,Senior Applications Analyst,Male,2024-09-30
223,Lionel Swift,Faustino_Ernser@hotmail.com,$2b$10$0qmcFfpFgQ3Zsblzj0xRHuPuV7B1m96RwX5fGxRveYsaFgIEUTpAW,Employee,Chief Research Associate,Female,2024-07-24
224,Tonya Rosenbaum III,Myrtis89@gmail.com,$2b$10$Kly18xpTu6eAHf2OdDzvt.NN4KfDZoYz59PfiTh1lKR/Bvz0OtPDK,Employee,Investor Marketing Designer,Male,2024-06-16
225,Sherry Sanford,Hillary.Bayer-Homenick41@hotmail.com,$2b$10$Du5eKYOvRIW5XjiTGqn3W.UnTm4uSgh5GABMOgHwyMtYTZki5nSL.,Employee,District Accounts Specialist,Male,2023-12-12
226,Ian Bogan,Chet_OKon66@yahoo.com,$2b$10$B7D8UEW9lAF8VTTQvkY9Uukh2D4CKf51S3MmLVR86lJxaKJXoPFh6,Admin,Customer Optimization Executive,Female,2023-12-09
227,Eileen Barrows,Marianne_Lang@hotmail.com,$2b$10$0Wm07Vm/F6IuMCLX8nVq1OIe3kPdGPEWOS7TtxJNNun7FjJZsfVCW,Employee,Customer Web Director,Male,2024-09-23
228,Doris Durgan DDS,Clair72@hotmail.com,$2b$10$TchVUY9rv/NizQbjF39V2uetspimrJPBc7gVZ5N/s/IvM0Xvl5ijW,Employee,National Mobility Specialist,Male,2023-10-23
229,Tanya Heathcote-Ruecker,Mary_Heaney@hotmail.com,$2b$10$on3OeeI8hYaNOZbwL3zP5eM4nqR1W/hhslblciDz8hJ..J6UfMb1i,Employee,National Usability Designer,Female,2024-01-15
230,Laurie Lowe,Jamey_Hoeger72@hotmail.com,$2b$10$.G8JunntnVv0HmihlnIqyebd2o60NR6dMHDzpIHKhP1UN3rA1gQIe,Employee,Human Program Executive,Male,2023-10-27
231,Mary Bahringer,Mylene_Walker83@hotmail.com,$2b$10$LXgY5eXsb/NRh/Z9yZpXnOfgWNHH36FVSOOaqUn97FxegUItkSY32,Employee,Principal Interactions Developer,Male,2024-01-09
232,Clinton Watsica,Theo_Torp64@hotmail.com,$2b$10$FcLGV9dYlGdwJV14f1iVvufXiunS8nvI8qTaXmWirqLnq8FNAEoL6,Employee,Customer Directives Architect,Female,2024-03-08
233,Jennifer Streich,Alessandra54@gmail.com,$2b$10$48XplLSZskKNe7HjUFAAYO7j9SBM6FPc2NaU7r4HDdY4i7tHaVDfu,Employee,Central Intranet Administrator,Female,2024-01-10
234,Michelle Deckow,Odessa68@gmail.com,$2b$10$73h0pckfnyl4U04aofieFON/VQQ2mkgjV9s4/x5jGgaUeNEjMUpAm,Employee,Lead Factors Associate,Male,2024-08-29
235,Mr. Ronald Runolfsdottir-Hamill,Dean_Erdman@gmail.com,$2b$10$iDc.8USamsYwWvlqcAffqeVJliWFghhzZwhvgSimgYf21vy.EU6Bu,Employee,Dynamic Web Representative,Female,2024-04-11
236,Cary Beahan,Karolann94@yahoo.com,$2b$10$6709veYW9vVxwKUSBktzhuoNtKVsFCVDJD9y9fmCACCPlsHKFfx62,Employee,Dynamic Assurance Designer,Female,2024-09-03
237,Lorene Ruecker,Colton_Braun48@gmail.com,$2b$10$jmPwgKSD7sj.HrbCj8DAwOzGXF1qfU9BizZJT5HvPhHr52S6E2EuG,Employee,Global Accountability Developer,Male,2024-05-18
238,Dr. Jared Thiel,Doug_Spinka77@hotmail.com,$2b$10$q1M5B9cQ9ImahHhMc97M1OVhlJLHNe7yfGfWIjNcXPEWPc7c0Cv3y,Employee,Principal Creative Technician,Female,2024-07-10
239,Ignacio Ruecker,Margarett.Sipes@hotmail.com,$2b$10$TNdYUoMgY4GH4vGQFeEAcOxZQfNuKXFtC1MBK80R0pqDU6JJkaDwe,Employee,Customer Web Orchestrator,Male,2024-04-07
240,Charlene Franecki,Jean_Kihn-Fahey23@yahoo.com,$2b$10$.mCBanp1qTgMvVqHaGjLNOXgjsC03v3.hmGK6muxrDERV0mw/.sYy,Employee,Chief Security Liaison,Female,2024-04-02
241,Melody O'Connell,Mitchell15@hotmail.com,$2b$10$jrtRvtZbNc6AUgGQsJeKtuFCbbvWqupEoGCJUqafDc5Lz8PnLAbLS,Employee,Legacy Implementation Coordinator,Female,2024-09-12
242,Jill Mayer-Keeling,Jolie_Wiegand71@hotmail.com,$2b$10$3u6BWemipmKFc2TFdz3bq.bIC.MEnnEwU8aWseBpROdA/rT.WAXWS,Employee,Human Markets Supervisor,Female,2023-12-15
243,Mr. Vincent Barton,Reilly_Mitchell32@hotmail.com,$2b$10$e4RRPaTxWnZM9w/bDWZytO/j8zF8J7pxqP9SgzToFlzzOPiowsl7K,Employee,Regional Usability Manager,Male,2023-12-09
244,Miss Melinda Homenick,Reanna.Hoppe44@hotmail.com,$2b$10$z6gDprw9igLyOi82PLfPY.YG1ag3RoiAy8nM559PbQtClOwatUb4O,Employee,International Program Liaison,Male,2024-09-13
245,Byron Walsh Jr.,Meda_Bailey10@gmail.com,$2b$10$eOg/1MQkcAoVumDi6AG1/ey0mv7Hw2z1iH.D9gawTWx827D/x8axu,Employee,Corporate Infrastructure Supervisor,Female,2024-01-07
246,Anna Ortiz,Conrad_Wisoky@yahoo.com,$2b$10$ZyQc720QqjjVSV/.Vzi6vOMzpLiqMxARES3vI8tc/gLzCzKvt68lm,Employee,Internal Implementation Strategist,Female,2023-12-08
247,Lula Blanda,Camron56@hotmail.com,$2b$10$RnPmjmR8Ya5SrkE6AJpV8uqIL/.cKJY3xcqI.0mxzQwWTMRB4QIXm,Employee,International Division Officer,Female,2024-01-03
248,Agnes Will,Myah.Anderson@gmail.com,$2b$10$WI03FxZIOITwmORjgnMBGOP0SlqwHKFt8v875FkxwtifP.JaLGyC6,Employee,Corporate Creative Officer,Female,2024-04-26
249,Rosalie Braun,Titus73@gmail.com,$2b$10$eQ.n5YO.yaX6liPLs7pmwe265WAhtPXNBx7gvAVar6PiGVcWAJGk.,Employee,District Factors Agent,Female,2024-09-07
250,Kyle Grant,Layla.Ledner@yahoo.com,$2b$10$n4OOOSRIvp22THrNNWpLW.AhdDIuvscZJUb/WiKkPzofNuDBVXAFO,Employee,Central Web Designer,Male,2024-02-19
251,Flora Marvin,Tyson_Gusikowski@gmail.com,$2b$10$TGIYDTpxB11wRT3Y1e3buOWEs7qV48N2f7mt5WfzLbmlYccSPr7tG,Employee,International Operations Analyst,Female,2024-05-13
252,Grace Bednar II,Axel.West49@hotmail.com,$2b$10$F8g6/QPIx5oMhER2/z.IguTGPYX4RfVMaPCtyYhbUgbQJEtErcxoS,Employee,Principal Interactions Administrator,Male,2024-04-05
253,Stuart Collier,Gerardo.Mann@hotmail.com,$2b$10$92uzXH3vKcHeMwLa/INgh.8O4DBlzy2fJEoP1UF6PjVljGHpg2Cf.,Employee,Lead Functionality Facilitator,Male,2023-10-23
254,Elias Greenholt,Clyde94@yahoo.com,$2b$10$wFeC7huPpJbO59I6YFE2AOIPHtQ0NIR0py8ehn2iEnGakRW97SLYG,Employee,Dynamic Intranet Supervisor,Female,2024-04-16
255,Adam Aufderhar I,Marina_Connelly69@hotmail.com,$2b$10$VzSbwat/UtE7.foA5P/F4.aWf.94h04SsST2nQIIE4pnZxaoieQ9C,Employee,Investor Interactions Consultant,Male,2024-07-27
256,Dr. Vincent Wiegand,Dariana.Kessler94@hotmail.com,$2b$10$jed.P6.lsqnW5wyMQwnD/eYHi0owGMZBZ5ClcyjniSn0d3AwAbH3W,Employee,Human Optimization Developer,Female,2024-06-03
257,Sylvia Schultz,Celia_Bernier70@yahoo.com,$2b$10$7.Xh6Oh41twXXT2Vidlpj.Rw3syL14xyJC/ObLqvND6HzQcYUbkVW,Employee,Product Mobility Planner,Male,2024-01-02
258,Franklin Hermann,Riley_Quigley@yahoo.com,$2b$10$ZlXUzARGKpextUZ5hDXtH.Ck07gTjjhpz7.VfXQ3YLWQ3R/3.J5f2,Employee,Future Group Assistant,Female,2024-02-03
259,Doyle Shanahan,Titus.Haley@hotmail.com,$2b$10$p.sGONJMTfsmOQWOxpeGWu3F.R5ahHIpYHN/OCfAqXM28PDREw86e,Employee,Direct Usability Architect,Male,2024-10-03
260,Enrique Oberbrunner,Hilda.Cronin@gmail.com,$2b$10$K33xrQMCqx98eq6DmRBAf.STRDOn9MYTCz4h31cPKzRg7LU6YaMFK,Employee,Regional Response Agent,Male,2024-01-06
261,Neal Gusikowski,Shanel_West@yahoo.com,$2b$10$xo4ivo9j0b.mehS3LvuUFOeeWoyBIfIP8BSXzkDzqcAhDR4jrypi.,Employee,Human Factors Executive,Female,2024-06-11
262,Wesley Romaguera,Catherine93@hotmail.com,$2b$10$UGVkFiOJMcaFDs0GsX1LFOOInZbOjXTrOXKXFCEI53dfnQ85yfaL6,Employee,Regional Usability Assistant,Female,2024-07-06
263,Leticia Erdman,Jewell.Lindgren43@yahoo.com,$2b$10$VEirSuQvKRE9vCAka3wDVuU2g1kZ19FLmN0IN9truR94bI4DEiOSW,Employee,Senior Creative Assistant,Male,2024-05-02
264,Doreen King,Stephanie70@hotmail.com,$2b$10$zl.wWdTHjxby4kVhOX/5s.tw9JbcFy1fbzVPqV/VfdybOo679ZrXm,Employee,Lead Usability Specialist,Female,2024-01-27
265,Constance Volkman,Carmel.Collins@hotmail.com,$2b$10$Aps7otU7lrEqeidTOZu/DOBY0UdWxiY7m1Ud22zn8sHUxx2PcbDpG,Employee,International Configuration Assistant,Male,2023-12-25
266,Judy Grimes,Julius.Hirthe71@yahoo.com,$2b$10$b0AeSnzN/ot5LYiBpbj/L.ENRcQHI6oI8.ctli29HFB48ks1J.DDy,Employee,Principal Response Liaison,Male,2024-09-09
267,Ricardo Zboncak,Aurelie_Oberbrunner-Smitham88@hotmail.com,$2b$10$EB3jeXMvjHxVQnOtaLwG8.l0V.tXhYtYXZrKG1yFwKi5zmkAugD9u,Employee,National Communications Supervisor,Female,2024-09-16
268,Yvonne Feeney-Kuvalis,Marvin.Hettinger@hotmail.com,$2b$10$tGFXI1HZCpBdaiiSh66HouBCsdGfTtUrM/W1wcdzeZnuNxmTbsAYS,Employee,Principal Data Technician,Female,2024-02-19
269,Bill Collins,Celestine.Barrows23@yahoo.com,$2b$10$QJiShjSEYiLp5t3vp2RYZ.hi41axuR8/PgstMm/jzfsF1Vo0y5Y9C,Employee,Product Paradigm Architect,Female,2024-02-13
270,Nichole Kling,Libby_Jacobson@hotmail.com,$2b$10$UDuiHmcvuLCW9Lqleyzev.mGhXhwg8lU8.jaTgwA8KJRsF9wU/yMy,Employee,Corporate Infrastructure Developer,Male,2024-03-12
271,Dana Dach,Hudson_Johnson@yahoo.com,$2b$10$Ucn4eCB6ltlXLsXTSBobwuG6s6Jytof2H8JbTuK9hfMn9bqwkvwQa,Employee,International Security Director,Male,2024-01-27
272,Miss Muriel Block,Mozell6@yahoo.com,$2b$10$.0Fa42okdp0E7SmflS8TducczmP0OeXzf3fU67T4XGx2ZbwNynvNy,Employee,Future Factors Coordinator,Male,2023-10-20
273,Kirk Johnson,Karen_Denesik11@yahoo.com,$2b$10$jotqDhu2ZDMuad5ePy9TO.H/tX54/aQCC.oPsaTvx13axkDSlchja,Employee,Global Marketing Technician,Female,2024-07-08
274,Raul Haag PhD,Loyal_Bahringer3@hotmail.com,$2b$10$Hugfffcsbi.U0pDJWj6YOOFbx.90VQ3mUD4HSaln7Wi/9mTnC9fo.,Employee,Lead Factors Liaison,Male,2024-05-29
275,Sabrina Lindgren,Stephania23@hotmail.com,$2b$10$ElGVh8IoPHyWqRazxD69COUrcIgnyl9s4a/0xeeNw6atDfdk.8zAq,Employee,International Operations Strategist,Female,2024-05-28
276,Roy Flatley,Vergie.Champlin@yahoo.com,$2b$10$9KXTSkiFKL2HSE1HMlWdkubUTF1brOIO8XgqpnyRI9AnUTaF/Kzzi,Employee,Direct Implementation Director,Male,2024-05-25
277,Craig Gorczany,Reuben_Upton1@yahoo.com,$2b$10$bLEM5AZe.vEDZ6QHLqAmEuHOI/08o9RuaSj6SV8a2iELt/aDJlVdm,Employee,Customer Assurance Technician,Male,2024-08-17
278,Sophia Kiehn Sr.,Chase_Wilkinson@hotmail.com,$2b$10$aTa6151McKpGkaiRsRIGyOe5KdrlfkdLoh.ixzSm5SXhiaEkiH.xi,Employee,Customer Markets Designer,Female,2024-02-18
279,Kari Hessel,Devin_Dickinson34@yahoo.com,$2b$10$1ECRAX6FWHDo8B6kiqv2deoSrex1EhX9QgmrUoysHxWOoh5fLywRG,Employee,Investor Accounts Administrator,Male,2023-11-24
280,Edward Maggio,Kassandra_Thompson@hotmail.com,$2b$10$XAJokYmy4yWGXNi85oKT..3abbFOizlionnn3KYu3tmUkD9VssaqS,Employee,Lead Integration Analyst,Male,2024-08-11
281,Ian Halvorson,Jace4@yahoo.com,$2b$10$bSbBmtYnQVdylalrhTKwDOCJkBDhKlJOcPzXMwjN3cO2AkjDgMnYK,Employee,International Response Liaison,Male,2024-09-30
282,Stephen Heidenreich,Brando22@yahoo.com,$2b$10$zQ0/Ohibvyfdu77mMLdGpOWHp2740rPGeH7wW7C8Lnucc4COqUORK,Employee,Dynamic Research Agent,Male,2024-01-09
283,Ms. Rosie O'Connell,Kraig93@hotmail.com,$2b$10$Zolhmj.bRqxbUnRTmQ9zg.WbLWgra4PUtbGMqBeX1HaVIWThPvTVm,Employee,International Markets Director,Male,2024-04-18
284,Kristina Wilkinson,Jerald7@gmail.com,$2b$10$WCxBCnS9DWamgZ4cw3SAG.WQ18I420jtL/HBLRiH82M/9PMklH9KG,Employee,Human Intranet Representative,Male,2024-07-11
285,Ernestine Cormier IV,Bethany_Weimann@gmail.com,$2b$10$XOsRAS9BpOzTyyV/qaCVtuXtrZifOQuJEafnvVZeS3bWxsWi40Xj6,Employee,Lead Security Coordinator,Male,2024-02-14
286,Melba Hoppe,Hildegard19@gmail.com,$2b$10$WWzlQMr0KKMh0PsrdkqsH.M95zCaLrMAl0vwNHZOjfL5flRzjd0Ci,Employee,National Directives Agent,Male,2024-02-01
287,Samantha Bergstrom,Lavonne.Brown@gmail.com,$2b$10$VCYhXQdpdY8FkKKRnlYXNOLaPgcjLvwzij2.N3oiJBsU9U0Q0rV1S,Employee,Corporate Marketing Producer,Female,2023-10-18
288,Luther Lind,Kelsie92@yahoo.com,$2b$10$nElnMIrgC.b5lCEn9nQdxul9kl8rblcBL7VXbXvVlx6cu/EC4O7iW,Employee,Lead Usability Manager,Female,2024-05-28
289,Dave Rodriguez,Gregory.Koch@gmail.com,$2b$10$u0jU6lf6OwS7v9N2ToQPUuKCnhCbU1xxCj5RLU.1d0DgIURPmXCKK,Employee,Forward Solutions Agent,Male,2024-07-13
290,Laurie Corwin,Willis_Crist@hotmail.com,$2b$10$lYRHf0SLyycY12T6LJc.9eTavDKUukQBJrkEBE6Zujcbq0Oaab1WC,Employee,Senior Security Strategist,Male,2024-03-31
291,Walter Robel Sr.,Aubrey51@yahoo.com,$2b$10$/b.DdhKz5xQY8EqJEfv8T.z3zIb01WKWVWvwaOsI30NmUeyD0iEXC,Employee,Corporate Tactics Architect,Male,2024-07-02
292,Jackie Kohler,Sedrick49@gmail.com,$2b$10$bwCT2wr3y7octwFsMb6XleA1DU9wMh4E2n083wOk6/aZ6gWOC053O,Employee,Dynamic Integration Representative,Female,2024-09-20
293,Dawn Feest,Eleazar95@hotmail.com,$2b$10$vEhSsGjcu/sxwUK9YrVnpeFopbHYdiJBZMZs2vEc72B.rri1vKQb6,Employee,Legacy Response Technician,Male,2024-01-14
294,Shannon Stoltenberg,Veronica.Dickens@gmail.com,$2b$10$h45iq970bb5XjMa/QXROAu3DYZpun3dIoHLEuKYU5FkRtw8IqdUNi,Employee,Chief Brand Architect,Male,2023-11-02
295,Jane Champlin-Daniel,Edd15@gmail.com,$2b$10$9CC9j9RQ9fDQJ4eX51pz0.cDKh6WE3Yd2PmlqGMfLkn6X8lKBPzYu,Employee,Corporate Markets Designer,Male,2023-12-11
296,Wayne Wiza II,Alfreda14@gmail.com,$2b$10$94RWVrg9XCPLTzUDuQFPNeyd/EnqP0HBA.g851.ITtJnlQgE8vb3y,Employee,Senior Accounts Supervisor,Female,2023-10-20
297,Jordan Hammes,Amir_Stoltenberg-Boehm34@hotmail.com,$2b$10$GCdVecjFaVdmvz4haVQWYeg.Pm0HqXldTZohV.wgs9AWYkInsXiVW,Employee,Regional Program Supervisor,Female,2024-05-08
298,Miguel Bins,Lane60@hotmail.com,$2b$10$8Gn1.lu5bYhqVZRrUyfpreh3Bxs9GlZsczkymkk0KF6FBP9pSIPnS,Employee,Human Security Producer,Female,2024-06-23
299,Victoria Hansen Jr.,Felicity.Schulist47@gmail.com,$2b$10$5Tv8/AEHBOm8TIZJRO55/uK2B0k1B72SZpZLtxq/kG.vE2nSjTbCi,Employee,Legacy Integration Strategist,Female,2024-07-06
300,Angelica Cronin,Christy84@hotmail.com,$2b$10$gBnM.5/TbSp/dGpi.D0CgeQOZBtcjMxoTkZV8amMUWq0C5fpAmLM2,Employee,Internal Metrics Developer,Male,2024-08-14
